{
  "Visitar Sin miedo a nada" : {
    "transaction" : "Visitar Sin miedo a nada",
    "sampleCount" : 2373,
    "errorCount" : 6,
    "errorPct" : 0.2528445,
    "meanResTime" : 1500.7707543194274,
    "medianResTime" : 705.0,
    "minResTime" : 120.0,
    "maxResTime" : 27160.0,
    "pct1ResTime" : 3045.0,
    "pct2ResTime" : 4715.69999999999,
    "pct3ResTime" : 12153.65999999999,
    "throughput" : 0.946462074510855,
    "receivedKBytesPerSec" : 84.02259451670707,
    "sentKBytesPerSec" : 0.18346653363649634
  },
  "Visitar Actualidad" : {
    "transaction" : "Visitar Actualidad",
    "sampleCount" : 2416,
    "errorCount" : 3,
    "errorPct" : 0.12417219,
    "meanResTime" : 2009.9184602649011,
    "medianResTime" : 951.5,
    "minResTime" : 149.0,
    "maxResTime" : 24699.0,
    "pct1ResTime" : 4521.700000000002,
    "pct2ResTime" : 7066.950000000003,
    "pct3ResTime" : 13114.069999999976,
    "throughput" : 0.9612985806919838,
    "receivedKBytesPerSec" : 163.29909382203027,
    "sentKBytesPerSec" : 0.18752049125699738
  },
  "Visitar Comunidad-0" : {
    "transaction" : "Visitar Comunidad-0",
    "sampleCount" : 2433,
    "errorCount" : 0,
    "errorPct" : 0.0,
    "meanResTime" : 728.3419646526922,
    "medianResTime" : 205.0,
    "minResTime" : 81.0,
    "maxResTime" : 10056.0,
    "pct1ResTime" : 2006.7999999999997,
    "pct2ResTime" : 2512.299999999997,
    "pct3ResTime" : 5305.159999999996,
    "throughput" : 0.9700214337658362,
    "receivedKBytesPerSec" : 1.3339749247166883,
    "sentKBytesPerSec" : 0.19135188439521375
  },
  "Total" : {
    "transaction" : "Total",
    "sampleCount" : 16947,
    "errorCount" : 34,
    "errorPct" : 0.20062548,
    "meanResTime" : 1929.7783678527196,
    "medianResTime" : 1005.0,
    "minResTime" : 81.0,
    "maxResTime" : 51733.0,
    "pct1ResTime" : 4413.200000000001,
    "pct2ResTime" : 6518.19999999999,
    "pct3ResTime" : 13941.600000000013,
    "throughput" : 6.708826935067249,
    "receivedKBytesPerSec" : 903.1170547440199,
    "sentKBytesPerSec" : 1.3933613814168226
  },
  "Visitar Comunidad-1" : {
    "transaction" : "Visitar Comunidad-1",
    "sampleCount" : 2433,
    "errorCount" : 5,
    "errorPct" : 0.2055076,
    "meanResTime" : 2171.7073571722144,
    "medianResTime" : 1011.0,
    "minResTime" : 171.0,
    "maxResTime" : 36286.0,
    "pct1ResTime" : 4825.5999999999985,
    "pct2ResTime" : 7191.499999999996,
    "pct3ResTime" : 14891.679999999942,
    "throughput" : 0.963668928826336,
    "receivedKBytesPerSec" : 186.13818645877313,
    "sentKBytesPerSec" : 0.1305417028422094
  },
  "Visitar Portada" : {
    "transaction" : "Visitar Portada",
    "sampleCount" : 2465,
    "errorCount" : 7,
    "errorPct" : 0.28397566,
    "meanResTime" : 1770.829614604465,
    "medianResTime" : 821.0,
    "minResTime" : 116.0,
    "maxResTime" : 34422.0,
    "pct1ResTime" : 3886.600000000001,
    "pct2ResTime" : 5831.999999999993,
    "pct3ResTime" : 12877.160000000047,
    "throughput" : 0.9810914034900585,
    "receivedKBytesPerSec" : 121.09469449326133,
    "sentKBytesPerSec" : 0.1910752622479212
  },
  "Visitar Páginas Nuevas" : {
    "transaction" : "Visitar Páginas Nuevas",
    "sampleCount" : 2392,
    "errorCount" : 6,
    "errorPct" : 0.25083613,
    "meanResTime" : 2424.042642140467,
    "medianResTime" : 1330.0,
    "minResTime" : 514.0,
    "maxResTime" : 51733.0,
    "pct1ResTime" : 4683.700000000001,
    "pct2ResTime" : 7071.199999999999,
    "pct3ResTime" : 15235.27000000001,
    "throughput" : 0.9531718466827866,
    "receivedKBytesPerSec" : 163.14615360591444,
    "sentKBytesPerSec" : 0.19498437397888677
  },
  "Visitar Comunidad" : {
    "transaction" : "Visitar Comunidad",
    "sampleCount" : 2435,
    "errorCount" : 7,
    "errorPct" : 0.28747433,
    "meanResTime" : 2902.438193018486,
    "medianResTime" : 1277.0,
    "minResTime" : 274.0,
    "maxResTime" : 40859.0,
    "pct1ResTime" : 6685.4,
    "pct2ResTime" : 9219.799999999992,
    "pct3ResTime" : 17956.47999999998,
    "throughput" : 0.9644041784246745,
    "receivedKBytesPerSec" : 187.45482333593247,
    "sentKBytesPerSec" : 0.32062153448190506
  }
}